Workbook
Name _Obs1: StatProForecast1!$F$14:$F$160
Name Data: Data!$A$2:$B$160
Name Data: #REF!
Name Date: StatProForecast1!$E$1:$E$160
Name DateAll: StatProForecast1!$E$1:$E$160
Name DeseasError: StatProForecast1!$J$1:$J$160
Name DeseasError1: StatProForecast1!$J$14:$J$160
Name DeseasFCast: StatProForecast1!$I$1:$I$160
Name DeseasObs: StatProForecast1!$H$1:$H$160
Name DeseasObs1: StatProForecast1!$H$14:$H$160
Name DeseasObsAll: StatProForecast1!$H$1:$H$160
Name Error: StatProForecast1!$L$1:$L$160
Name Error1: StatProForecast1!$L$14:$L$160
Name FCast: StatProForecast1!$K$1:$K$160
Name Month: Data!$A$1:$A$160
Name NumPassengers: Data!$B$1:$B$160
Name Obs: StatProForecast1!$F$1:$F$160
Name ObsAll: StatProForecast1!$F$1:$F$160
Name RMSE: StatProForecast1!$B$10
Name SmConsts: StatProForecast1!$B$5:$B$6
Name SummEstPeriod: StatProForecast1!$A$7
Name Test: #REF!
Name xlm_OP_DA: [1]Templates!#REF!
Name xlm_OP_HC: [1]Templates!#REF!
Name xlm_OP_KNNC: [1]Templates!#REF!
Name xlm_OP_KNNP: [1]Templates!#REF!
Name xlm_OP_LR: [1]Templates!#REF!
Name xlm_OP_MLR: [1]Templates!#REF!
Name xlm_OP_NB: [1]Templates!#REF!
Name xlm_OP_NNC: [1]Templates!#REF!
Name xlm_OP_NNP: [1]Templates!#REF!
Name xlm_OP_PCA: [1]Templates!#REF!
Name xlm_PT_BT: [1]Templates!#REF!
Name xlm_PT_CHC: [1]Templates!#REF!
Name xlm_PT_CHL: [1]Templates!#REF!
Name xlm_PT_CHR: [1]Templates!#REF!
Name xlm_PT_CHRT: [1]Templates!#REF!
Name xlm_PT_MT: [1]Templates!#REF!
Name xlm_PT_RHC: [1]Templates!#REF!
Name xlm_PT_RHL: [1]Templates!#REF!
Name xlm_PT_RHR: [1]Templates!#REF!
Name xlm_PT_TVL: [1]Templates!#REF!
Name xlm_PT_TVR: [1]Templates!#REF!

Sheet RegData
A1: Month | B1: NumPassengers | C1: t | D1: season | E1: log(Numpassengers) | F1: train-valid | G1: 时间
A2: 35431 | B2: 1396.588 | C2: 1 | D2: Jan | E2: =LN(B2) -> 7.2417874 | F2: t | G2: 5分钟
A3: 35462 | B3: 1371.69 | C3: 2 | D3: Feb | E3: =LN(B3) -> 7.2237988 | F3: t | G3: 6分钟
A4: 35490 | B4: 1707.522 | C4: 3 | D4: Mar | E4: =LN(B4) -> 7.4427985 | F4: t | G4: 7分钟
A5: 35521 | B5: 1654.604 | C5: 4 | D5: Apr | E5: =LN(B5) -> 7.411317 | F5: t | G5: 8分钟
A6: 35551 | B6: 1762.903 | C6: 5 | D6: May | E6: =LN(B6) -> 7.4747172 | F6: t | G6: 9分钟
A7: 35582 | B7: 1775.8 | C7: 6 | D7: Jun | E7: =LN(B7) -> 7.4820063 | F7: t | G7: 10分钟
A8: 35612 | B8: 1934.219 | C8: 7 | D8: Jul | E8: =LN(B8) -> 7.5674589 | F8: t | G8: 11分钟
A9: 35643 | B9: 2008.055 | C9: 8 | D9: Aug | E9: =LN(B9) -> 7.6049219 | F9: t | G9: 12分钟
A10: 35674 | B10: 1615.924 | C10: 9 | D10: Sep | E10: =LN(B10) -> 7.3876622 | F10: t | G10: 13分钟
A11: 35704 | B11: 1773.91 | C11: 10 | D11: Oct | E11: =LN(B11) -> 7.4809414 | F11: t | G11: 2分钟
A12: 35735 | B12: 1732.368 | C12: 11 | D12: Nov | E12: =LN(B12) -> 7.4572445 | F12: t | G12: 3分钟
A13: 35765 | B13: 1796.626 | C13: 12 | D13: Dec | E13: =LN(B13) -> 7.4936657 | F13: t | G13: 4分钟
... A88: 38047 | B88: 2132.446 | C88: 87 | D88: Mar | E88: =LN(B88) -> 7.665025 | F88: v | G88: 114分钟

Sheet StatProForecast1
A1: Forecasting results for NumPassengers | E1: Date | F1: Observation | G1: SeasIndex | H1: DeseasObs | I1: DeseasFCast | J1: DeseasError | K1: Forecast | L1: Error
E2: 33239 | F2: =Data!$B2 -> 1708.917 | G2: 0.88213891 | H2: =F2/G2 -> 1937.2425
A3: Moving averages | E3: 33270 | F3: =Data!$B3 -> 1620.586 | G3: 0.862508 | H3: =F3/G3 -> 1878.9229
E4: 33298 | F4: =Data!$B4 -> 1972.715 | G4: 1.0256878 | H4: =F4/G4 -> 1923.3094
A5: Span | B5: 12 | E5: 33329 | F5: =Data!$B5 -> 1811.665 | G5: 1.0355127 | H5: =F5/G5 -> 1749.5343
E6: 33359 | F6: =Data!$B6 -> 1974.964 | G6: 1.0446906 | H6: =F6/G6 -> 1890.4774
A7: Estimation period | E7: 33390 | F7: =Data!$B7 -> 1862.356 | G7: 1.0266434 | H7: =F7/G7 -> 1814.0242
B8: Deseas | C8: Actual | E8: 33420 | F8: =Data!$B8 -> 1939.86 | G8: 1.0838872 | H8: =F8/G8 -> 1789.725
A9: MAE | B9: {=AVERAGE(ABS(StatProForecast1!DeseasError1))} -> 55.293362 | C9: {=AVERAGE(ABS(StatProForecast1!Error1))} -> 55.082358 | E9: 33451 | F9: =Data!$B9 -> 2013.264 | G9: 1.1051819 | H9: =F9/G9 -> 1821.6584
A10: RMSE | B10: =SQRT(SUMSQ(StatProForecast1!DeseasError1)/COUNT(StatProForecast1!DeseasError1)) -> 67.140135 | C10: =SQRT(SUMSQ(StatProForecast1!Error1)/COUNT(StatProForecast1!Error1)) -> 67.206746 | E10: 33482 | F10: =Data!$B10 -> 1595.657 | G10: 0.92445314 | H10: =F10/G10 -> 1726.055
A11: MAPE | B11: {=AVERAGE(ABS(StatProForecast1!DeseasError1/StatProForecast1!DeseasObs1))} -> 0.030513567 | C11: {=AVERAGE(ABS(StatProForecast1!Error1/StatProForecast1!_Obs1))} -> 0.030513567 | E11: 33512 | F11: =Data!$B11 -> 1724.924 | G11: 0.99956632 | H11: =F11/G11 -> 1725.6724
E12: 33543 | F12: =Data!$B12 -> 1675.667 | G12: 0.99299192 | H12: =F12/G12 -> 1687.4931
E13: 33573 | F13: =Data!$B13 -> 1813.863 | G13: 1.0167369 | H13: =F13/G13 -> 1784.0044
E14: 33604 | F14: =Data!$B14 -> 1614.827 | G14: 0.88213891 | H14: =F14/G14 -> 1830.5813 | I14: =AVERAGE($H2:$H13) -> 1810.6766 | J14: =H14-I14 -> 19.904727 | K14: =G14*I14 -> 1597.2683 | L14: =F14-K14 -> 17.558734
E15: 33635 | F15: =Data!$B15 -> 1557.088 | G15: 0.862508 | H15: =F15/G15 -> 1805.3027 | I15: =AVERAGE($H3:$H14) -> 1801.7882 | J15: =H15-I15 -> 3.5145262 | K15: =G15*I15 -> 1554.0567 | L15: =F15-K15 -> 3.0313069
E16: 33664 | F16: =Data!$B16 -> 1891.223 | G16: 1.0256878 | H16: =F16/G16 -> 1843.8583 | I16: =AVERAGE($H4:$H15) -> 1795.6531 | J16: =H16-I16 -> 48.205175 | K16: =G16*I16 -> 1841.7795 | L16: =F16-K16 -> 49.443461
E17: 33695 | F17: =Data!$B17 -> 1955.981 | G17: 1.0355127 | H17: =F17/G17 -> 1888.9011 | I17: =AVERAGE($H5:$H16) -> 1789.0322 | J17: =H17-I17 -> 99.868838 | K17: =G17*I17 -> 1852.5656 | L17: =F17-K17 -> 103.41545
E18: 33725 | F18: =Data!$B18 -> 1884.714 | G18: 1.0446906 | H18: =F18/G18 -> 1804.0882 | I18: =AVERAGE($H6:$H17) -> 1800.6461 | J18: =H18-I18 -> 3.4420939 | K18: =G18*I18 -> 1881.1181 | L18: =F18-K18 -> 3.5959232
E19: 33756 | F19: =Data!$B19 -> 1623.042 | G19: 1.0266434 | H19: =F19/G19 -> 1580.9209 | I19: =AVERAGE($H7:$H18) -> 1793.447 | J19: =H19-I19 -> -212.52611 | K19: =G19*I19 -> 1841.2305 | L19: =F19-K19 -> -218.18852
E20: 33786 | F20: =Data!$B20 -> 1903.309 | G20: 1.0838872 | H20: =F20/G20 -> 1756.0028 | I20: =AVERAGE($H8:$H19) -> 1774.0217 | J20: =H20-I20 -> -18.018919 | K20: =G20*I20 -> 1922.8395 | L20: =F20-K20 -> -19.530477
E21: 33817 | F21: =Data!$B21 -> 1996.712 | G21: 1.1051819 | H21: =F21/G21 -> 1806.6817 | I21: =AVERAGE($H9:$H20) -> 1771.2115 | J21: =H21-I21 -> 35.470177 | K21: =G21*I21 -> 1957.511 | L21: =F21-K21 -> 39.200999
E22: 33848 | F22: =Data!$B22 -> 1703.897 | G22: 0.92445314 | H22: =F22/G22 -> 1843.1405 | I22: =AVERAGE($H10:$H21) -> 1769.9635 | J22: =H22-I22 -> 73.176989 | K22: =G22*I22 -> 1636.2483 | L22: =F22-K22 -> 67.648697
E23: 33878 | F23: =Data!$B23 -> 1810 | G23: 0.99956632 | H23: =F23/G23 -> 1810.7853 | I23: =AVERAGE($H11:$H22) -> 1779.7206 | J23: =H23-I23 -> 31.0647 | K23: =G23*I23 -> 1778.9488 | L23: =F23-K23 -> 31.051227
E24: 33909 | F24: =Data!$B24 -> 1861.601 | G24: 0.99299192 | H24: =F24/G24 -> 1874.7393 | I24: =AVERAGE($H12:$H23) -> 1786.8134 | J24: =H24-I24 -> 87.925965 | K24: =G24*I24 -> 1774.2912 | L24: =F24-K24 -> 87.309773
E25: 33939 | F25: =Data!$B25 -> 1875.122 | G25: 1.0167369 | H25: =F25/G25 -> 1844.255 | I25: =AVERAGE($H13:$H24) -> 1802.4172 | J25: =H25-I25 -> 41.83775 | K25: =G25*I25 -> 1832.584 | L25: =F25-K25 -> 42.537983
... E160: 38047 | F160: =Data!$B160 -> 2132.446 | G160: 1.0256878 | H160: =F160/G160 -> 2079.04 | I160: =AVERAGE($H148:$H159) -> 2063.7154 | J160: =H160-I160 -> 15.324641 | K160: =G160*I160 -> 2116.7277 | L160: =F160-K160 -> 15.718298

Sheet Data
A1: Month | B1: Ridership | C1: Amtrak Ridership Number of Passengers ( in thousands)
A2: 33239 | B2: 1708.917
A3: 33270 | B3: 1620.586
A4: 33298 | B4: 1972.715
A5: 33329 | B5: 1811.665
A6: 33359 | B6: 1974.964
A7: 33390 | B7: 1862.356
A8: 33420 | B8: 1939.86
A9: 33451 | B9: 2013.264
A10: 33482 | B10: 1595.657
A11: 33512 | B11: 1724.924
A12: 33543 | B12: 1675.667
A13: 33573 | B13: 1813.863
... A160: 38047 | B160: 2132.446

Sheet test
A1: 华为niubility | F1: others
A2: Month | B2: NumPassengers | C2: t | D2: season | E2: log(Numpassengers) | F2: train-valid
A3: 35643 | B3: 2008.055 | C3: 12 | D3: Dec | E3: =LN(B3) -> 7.6049219 | F3: t
B4: 2007 | C4: 13 | D4: Jan | E4: =LN(B4) -> 7.6043963 | F4: t
B5: 2056 | C5: 14 | D5: Feb | E5: =LN(B5) -> 7.6285176 | F5: t
B6: 2014 | C6: 15 | D6: Mar | E6: =LN(B6) -> 7.6078781 | F6: t
A7: 35765 | B7: 2019 | C7: 16 | D7: Apr | E7: =LN(B7) -> 7.6103576 | F7: t
